<application>
  <component name="libraryTable">
    <library name="actionmailer (v4.2.0, rbenv: 2.2.3) [gem]" type="rubylib">
      <properties>
        <option name="version" value="4" />
      </properties>
      <CLASSES>
        <root url="file://$USER_HOME$/.rbenv/versions/2.2.3/lib/ruby/gems/2.2.0/gems/actionmailer-4.2.0/lib" />
      </CLASSES>
      <SOURCES>
        <root url="file://$USER_HOME$/.rbenv/versions/2.2.3/lib/ruby/gems/2.2.0/gems/actionmailer-4.2.0/lib" />
      </SOURCES>
    </library>
    <library name="actionpack (v4.2.0, rbenv: 2.2.3) [gem]" type="rubylib">
      <properties>
        <option name="version" value="4" />
      </properties>
      <CLASSES>
        <root url="file://$USER_HOME$/.rbenv/versions/2.2.3/lib/ruby/gems/2.2.0/gems/actionpack-4.2.0/lib" />
      </CLASSES>
      <SOURCES>
        <root url="file://$USER_HOME$/.rbenv/versions/2.2.3/lib/ruby/gems/2.2.0/gems/actionpack-4.2.0/lib" />
      </SOURCES>
    </library>
    <library name="actionview (v4.2.0, rbenv: 2.2.3) [gem]" type="rubylib">
      <properties>
        <option name="version" value="4" />
      </properties>
      <CLASSES>
        <root url="file://$USER_HOME$/.rbenv/versions/2.2.3/lib/ruby/gems/2.2.0/gems/actionview-4.2.0/lib" />
      </CLASSES>
      <SOURCES>
        <root url="file://$USER_HOME$/.rbenv/versions/2.2.3/lib/ruby/gems/2.2.0/gems/actionview-4.2.0/lib" />
      </SOURCES>
    </library>
    <library name="activejob (v4.2.0, rbenv: 2.2.3) [gem]" type="rubylib">
      <properties>
        <option name="version" value="4" />
      </properties>
      <CLASSES>
        <root url="file://$USER_HOME$/.rbenv/versions/2.2.3/lib/ruby/gems/2.2.0/gems/activejob-4.2.0/lib" />
      </CLASSES>
      <SOURCES>
        <root url="file://$USER_HOME$/.rbenv/versions/2.2.3/lib/ruby/gems/2.2.0/gems/activejob-4.2.0/lib" />
      </SOURCES>
    </library>
    <library name="activemodel (v4.2.0, rbenv: 2.2.3) [gem]" type="rubylib">
      <properties>
        <option name="version" value="4" />
      </properties>
      <CLASSES>
        <root url="file://$USER_HOME$/.rbenv/versions/2.2.3/lib/ruby/gems/2.2.0/gems/activemodel-4.2.0/lib" />
      </CLASSES>
      <SOURCES>
        <root url="file://$USER_HOME$/.rbenv/versions/2.2.3/lib/ruby/gems/2.2.0/gems/activemodel-4.2.0/lib" />
      </SOURCES>
    </library>
    <library name="activerecord (v4.2.0, rbenv: 2.2.3) [gem]" type="rubylib">
      <properties>
        <option name="version" value="4" />
      </properties>
      <CLASSES>
        <root url="file://$USER_HOME$/.rbenv/versions/2.2.3/lib/ruby/gems/2.2.0/gems/activerecord-4.2.0/lib" />
        <root url="file://$USER_HOME$/.rbenv/versions/2.2.3/lib/ruby/gems/2.2.0/gems/activerecord-4.2.0/examples" />
      </CLASSES>
      <SOURCES>
        <root url="file://$USER_HOME$/.rbenv/versions/2.2.3/lib/ruby/gems/2.2.0/gems/activerecord-4.2.0/lib" />
        <root url="file://$USER_HOME$/.rbenv/versions/2.2.3/lib/ruby/gems/2.2.0/gems/activerecord-4.2.0/examples" />
      </SOURCES>
      <excluded>
        <root url="file://$USER_HOME$/.rbenv/versions/2.2.3/lib/ruby/gems/2.2.0/gems/activerecord-4.2.0/examples" />
      </excluded>
    </library>
    <library name="activesupport (v4.2.0, rbenv: 2.2.3) [gem]" type="rubylib">
      <properties>
        <option name="version" value="4" />
      </properties>
      <CLASSES>
        <root url="file://$USER_HOME$/.rbenv/versions/2.2.3/lib/ruby/gems/2.2.0/gems/activesupport-4.2.0/lib" />
      </CLASSES>
      <SOURCES>
        <root url="file://$USER_HOME$/.rbenv/versions/2.2.3/lib/ruby/gems/2.2.0/gems/activesupport-4.2.0/lib" />
      </SOURCES>
    </library>
    <library name="arel (v6.0.4, rbenv: 2.2.3) [gem]" type="rubylib">
      <properties>
        <option name="version" value="4" />
      </properties>
      <CLASSES>
        <root url="file://$USER_HOME$/.rbenv/versions/2.2.3/lib/ruby/gems/2.2.0/gems/arel-6.0.4/lib" />
      </CLASSES>
      <SOURCES>
        <root url="file://$USER_HOME$/.rbenv/versions/2.2.3/lib/ruby/gems/2.2.0/gems/arel-6.0.4/lib" />
      </SOURCES>
    </library>
    <library name="bigdecimal (v1.2.6, rbenv: 2.2.3) [gem]" type="rubylib">
      <properties>
        <option name="version" value="4" />
      </properties>
      <CLASSES />
      <SOURCES />
    </library>
    <library name="builder (v3.2.4, rbenv: 2.2.3) [gem]" type="rubylib">
      <properties>
        <option name="version" value="4" />
      </properties>
      <CLASSES>
        <root url="file://$USER_HOME$/.rbenv/versions/2.2.3/lib/ruby/gems/2.2.0/gems/builder-3.2.4/doc" />
        <root url="file://$USER_HOME$/.rbenv/versions/2.2.3/lib/ruby/gems/2.2.0/gems/builder-3.2.4/lib" />
        <root url="file://$USER_HOME$/.rbenv/versions/2.2.3/lib/ruby/gems/2.2.0/gems/builder-3.2.4/test" />
        <root url="file://$USER_HOME$/.rbenv/versions/2.2.3/lib/ruby/gems/2.2.0/gems/builder-3.2.4/rakelib" />
      </CLASSES>
      <SOURCES>
        <root url="file://$USER_HOME$/.rbenv/versions/2.2.3/lib/ruby/gems/2.2.0/gems/builder-3.2.4/doc" />
        <root url="file://$USER_HOME$/.rbenv/versions/2.2.3/lib/ruby/gems/2.2.0/gems/builder-3.2.4/lib" />
        <root url="file://$USER_HOME$/.rbenv/versions/2.2.3/lib/ruby/gems/2.2.0/gems/builder-3.2.4/test" />
        <root url="file://$USER_HOME$/.rbenv/versions/2.2.3/lib/ruby/gems/2.2.0/gems/builder-3.2.4/rakelib" />
      </SOURCES>
      <excluded>
        <root url="file://$USER_HOME$/.rbenv/versions/2.2.3/lib/ruby/gems/2.2.0/gems/builder-3.2.4/doc" />
        <root url="file://$USER_HOME$/.rbenv/versions/2.2.3/lib/ruby/gems/2.2.0/gems/builder-3.2.4/test" />
        <root url="file://$USER_HOME$/.rbenv/versions/2.2.3/lib/ruby/gems/2.2.0/gems/builder-3.2.4/rakelib" />
      </excluded>
    </library>
    <library name="bundler (v1.0.0, rbenv: 2.2.3) [gem]" type="rubylib">
      <properties>
        <option name="version" value="4" />
      </properties>
      <CLASSES>
        <root url="file://$USER_HOME$/.rbenv/versions/2.2.3/lib/ruby/gems/2.2.0/gems/bundler-1.0.0/bin" />
        <root url="file://$USER_HOME$/.rbenv/versions/2.2.3/lib/ruby/gems/2.2.0/gems/bundler-1.0.0/lib" />
      </CLASSES>
      <SOURCES>
        <root url="file://$USER_HOME$/.rbenv/versions/2.2.3/lib/ruby/gems/2.2.0/gems/bundler-1.0.0/bin" />
        <root url="file://$USER_HOME$/.rbenv/versions/2.2.3/lib/ruby/gems/2.2.0/gems/bundler-1.0.0/lib" />
      </SOURCES>
      <excluded>
        <root url="file://$USER_HOME$/.rbenv/versions/2.2.3/lib/ruby/gems/2.2.0/gems/bundler-1.0.0/bin" />
      </excluded>
    </library>
    <library name="bundler (v1.17.3, rbenv: 2.2.3) [gem]" type="rubylib">
      <properties>
        <option name="version" value="4" />
      </properties>
      <CLASSES>
        <root url="file://$USER_HOME$/.rbenv/versions/2.2.3/lib/ruby/gems/2.2.0/gems/bundler-1.17.3/exe" />
        <root url="file://$USER_HOME$/.rbenv/versions/2.2.3/lib/ruby/gems/2.2.0/gems/bundler-1.17.3/lib" />
        <root url="file://$USER_HOME$/.rbenv/versions/2.2.3/lib/ruby/gems/2.2.0/gems/bundler-1.17.3/man" />
      </CLASSES>
      <SOURCES>
        <root url="file://$USER_HOME$/.rbenv/versions/2.2.3/lib/ruby/gems/2.2.0/gems/bundler-1.17.3/exe" />
        <root url="file://$USER_HOME$/.rbenv/versions/2.2.3/lib/ruby/gems/2.2.0/gems/bundler-1.17.3/lib" />
        <root url="file://$USER_HOME$/.rbenv/versions/2.2.3/lib/ruby/gems/2.2.0/gems/bundler-1.17.3/man" />
      </SOURCES>
      <excluded>
        <root url="file://$USER_HOME$/.rbenv/versions/2.2.3/lib/ruby/gems/2.2.0/gems/bundler-1.17.3/exe" />
        <root url="file://$USER_HOME$/.rbenv/versions/2.2.3/lib/ruby/gems/2.2.0/gems/bundler-1.17.3/man" />
      </excluded>
    </library>
    <library name="concurrent-ruby (v1.1.6, rbenv: 2.2.3) [gem]" type="rubylib">
      <properties>
        <option name="version" value="4" />
      </properties>
      <CLASSES>
        <root url="file://$USER_HOME$/.rbenv/versions/2.2.3/lib/ruby/gems/2.2.0/gems/concurrent-ruby-1.1.6/ext" />
        <root url="file://$USER_HOME$/.rbenv/versions/2.2.3/lib/ruby/gems/2.2.0/gems/concurrent-ruby-1.1.6/lib" />
      </CLASSES>
      <SOURCES>
        <root url="file://$USER_HOME$/.rbenv/versions/2.2.3/lib/ruby/gems/2.2.0/gems/concurrent-ruby-1.1.6/ext" />
        <root url="file://$USER_HOME$/.rbenv/versions/2.2.3/lib/ruby/gems/2.2.0/gems/concurrent-ruby-1.1.6/lib" />
      </SOURCES>
      <excluded>
        <root url="file://$USER_HOME$/.rbenv/versions/2.2.3/lib/ruby/gems/2.2.0/gems/concurrent-ruby-1.1.6/ext" />
        <root url="file://$USER_HOME$/.rbenv/versions/2.2.3/lib/ruby/gems/2.2.0/gems/concurrent-ruby-1.1.6/lib" />
      </excluded>
    </library>
    <library name="crass (v1.0.6, rbenv: 2.2.3) [gem]" type="rubylib">
      <properties>
        <option name="version" value="4" />
      </properties>
      <CLASSES>
        <root url="file://$USER_HOME$/.rbenv/versions/2.2.3/lib/ruby/gems/2.2.0/gems/crass-1.0.6/lib" />
      </CLASSES>
      <SOURCES>
        <root url="file://$USER_HOME$/.rbenv/versions/2.2.3/lib/ruby/gems/2.2.0/gems/crass-1.0.6/lib" />
      </SOURCES>
    </library>
    <library name="erubis (v2.7.0, rbenv: 2.2.3) [gem]" type="rubylib">
      <properties>
        <option name="version" value="4" />
      </properties>
      <CLASSES>
        <root url="file://$USER_HOME$/.rbenv/versions/2.2.3/lib/ruby/gems/2.2.0/gems/erubis-2.7.0/bin" />
        <root url="file://$USER_HOME$/.rbenv/versions/2.2.3/lib/ruby/gems/2.2.0/gems/erubis-2.7.0/doc" />
        <root url="file://$USER_HOME$/.rbenv/versions/2.2.3/lib/ruby/gems/2.2.0/gems/erubis-2.7.0/lib" />
        <root url="file://$USER_HOME$/.rbenv/versions/2.2.3/lib/ruby/gems/2.2.0/gems/erubis-2.7.0/test" />
        <root url="file://$USER_HOME$/.rbenv/versions/2.2.3/lib/ruby/gems/2.2.0/gems/erubis-2.7.0/contrib" />
        <root url="file://$USER_HOME$/.rbenv/versions/2.2.3/lib/ruby/gems/2.2.0/gems/erubis-2.7.0/doc-api" />
        <root url="file://$USER_HOME$/.rbenv/versions/2.2.3/lib/ruby/gems/2.2.0/gems/erubis-2.7.0/examples" />
        <root url="file://$USER_HOME$/.rbenv/versions/2.2.3/lib/ruby/gems/2.2.0/gems/erubis-2.7.0/benchmark" />
      </CLASSES>
      <SOURCES>
        <root url="file://$USER_HOME$/.rbenv/versions/2.2.3/lib/ruby/gems/2.2.0/gems/erubis-2.7.0/bin" />
        <root url="file://$USER_HOME$/.rbenv/versions/2.2.3/lib/ruby/gems/2.2.0/gems/erubis-2.7.0/doc" />
        <root url="file://$USER_HOME$/.rbenv/versions/2.2.3/lib/ruby/gems/2.2.0/gems/erubis-2.7.0/lib" />
        <root url="file://$USER_HOME$/.rbenv/versions/2.2.3/lib/ruby/gems/2.2.0/gems/erubis-2.7.0/test" />
        <root url="file://$USER_HOME$/.rbenv/versions/2.2.3/lib/ruby/gems/2.2.0/gems/erubis-2.7.0/contrib" />
        <root url="file://$USER_HOME$/.rbenv/versions/2.2.3/lib/ruby/gems/2.2.0/gems/erubis-2.7.0/doc-api" />
        <root url="file://$USER_HOME$/.rbenv/versions/2.2.3/lib/ruby/gems/2.2.0/gems/erubis-2.7.0/examples" />
        <root url="file://$USER_HOME$/.rbenv/versions/2.2.3/lib/ruby/gems/2.2.0/gems/erubis-2.7.0/benchmark" />
      </SOURCES>
      <excluded>
        <root url="file://$USER_HOME$/.rbenv/versions/2.2.3/lib/ruby/gems/2.2.0/gems/erubis-2.7.0/bin" />
        <root url="file://$USER_HOME$/.rbenv/versions/2.2.3/lib/ruby/gems/2.2.0/gems/erubis-2.7.0/doc" />
        <root url="file://$USER_HOME$/.rbenv/versions/2.2.3/lib/ruby/gems/2.2.0/gems/erubis-2.7.0/test" />
        <root url="file://$USER_HOME$/.rbenv/versions/2.2.3/lib/ruby/gems/2.2.0/gems/erubis-2.7.0/contrib" />
        <root url="file://$USER_HOME$/.rbenv/versions/2.2.3/lib/ruby/gems/2.2.0/gems/erubis-2.7.0/doc-api" />
        <root url="file://$USER_HOME$/.rbenv/versions/2.2.3/lib/ruby/gems/2.2.0/gems/erubis-2.7.0/examples" />
        <root url="file://$USER_HOME$/.rbenv/versions/2.2.3/lib/ruby/gems/2.2.0/gems/erubis-2.7.0/benchmark" />
      </excluded>
    </library>
    <library name="globalid (v0.4.2, rbenv: 2.2.3) [gem]" type="rubylib">
      <properties>
        <option name="version" value="4" />
      </properties>
      <CLASSES>
        <root url="file://$USER_HOME$/.rbenv/versions/2.2.3/lib/ruby/gems/2.2.0/gems/globalid-0.4.2/lib" />
      </CLASSES>
      <SOURCES>
        <root url="file://$USER_HOME$/.rbenv/versions/2.2.3/lib/ruby/gems/2.2.0/gems/globalid-0.4.2/lib" />
      </SOURCES>
    </library>
    <library name="i18n (v0.9.5, rbenv: 2.2.3) [gem]" type="rubylib">
      <properties>
        <option name="version" value="4" />
      </properties>
      <CLASSES>
        <root url="file://$USER_HOME$/.rbenv/versions/2.2.3/lib/ruby/gems/2.2.0/gems/i18n-0.9.5/lib" />
        <root url="file://$USER_HOME$/.rbenv/versions/2.2.3/lib/ruby/gems/2.2.0/gems/i18n-0.9.5/test" />
        <root url="file://$USER_HOME$/.rbenv/versions/2.2.3/lib/ruby/gems/2.2.0/gems/i18n-0.9.5/gemfiles" />
      </CLASSES>
      <SOURCES>
        <root url="file://$USER_HOME$/.rbenv/versions/2.2.3/lib/ruby/gems/2.2.0/gems/i18n-0.9.5/lib" />
        <root url="file://$USER_HOME$/.rbenv/versions/2.2.3/lib/ruby/gems/2.2.0/gems/i18n-0.9.5/test" />
        <root url="file://$USER_HOME$/.rbenv/versions/2.2.3/lib/ruby/gems/2.2.0/gems/i18n-0.9.5/gemfiles" />
      </SOURCES>
      <excluded>
        <root url="file://$USER_HOME$/.rbenv/versions/2.2.3/lib/ruby/gems/2.2.0/gems/i18n-0.9.5/test" />
        <root url="file://$USER_HOME$/.rbenv/versions/2.2.3/lib/ruby/gems/2.2.0/gems/i18n-0.9.5/gemfiles" />
      </excluded>
    </library>
    <library name="io-console (v0.4.3, rbenv: 2.2.3) [gem]" type="rubylib">
      <properties>
        <option name="version" value="4" />
      </properties>
      <CLASSES />
      <SOURCES />
    </library>
    <library name="json (v1.8.1, rbenv: 2.2.3) [gem]" type="rubylib">
      <properties>
        <option name="version" value="4" />
      </properties>
      <CLASSES>
        <root url="file://$USER_HOME$/.rbenv/versions/2.2.3/lib/ruby/2.2.0/json/add" />
      </CLASSES>
      <SOURCES>
        <root url="file://$USER_HOME$/.rbenv/versions/2.2.3/lib/ruby/2.2.0/json/add" />
      </SOURCES>
      <excluded>
        <root url="file://$USER_HOME$/.rbenv/versions/2.2.3/lib/ruby/2.2.0/json/add" />
      </excluded>
    </library>
    <library name="loofah (v2.5.0, rbenv: 2.2.3) [gem]" type="rubylib">
      <properties>
        <option name="version" value="4" />
      </properties>
      <CLASSES>
        <root url="file://$USER_HOME$/.rbenv/versions/2.2.3/lib/ruby/gems/2.2.0/gems/loofah-2.5.0/lib" />
        <root url="file://$USER_HOME$/.rbenv/versions/2.2.3/lib/ruby/gems/2.2.0/gems/loofah-2.5.0/benchmark" />
      </CLASSES>
      <SOURCES>
        <root url="file://$USER_HOME$/.rbenv/versions/2.2.3/lib/ruby/gems/2.2.0/gems/loofah-2.5.0/lib" />
        <root url="file://$USER_HOME$/.rbenv/versions/2.2.3/lib/ruby/gems/2.2.0/gems/loofah-2.5.0/benchmark" />
      </SOURCES>
      <excluded>
        <root url="file://$USER_HOME$/.rbenv/versions/2.2.3/lib/ruby/gems/2.2.0/gems/loofah-2.5.0/benchmark" />
      </excluded>
    </library>
    <library name="mail (v2.7.1, rbenv: 2.2.3) [gem]" type="rubylib">
      <properties>
        <option name="version" value="4" />
      </properties>
      <CLASSES>
        <root url="file://$USER_HOME$/.rbenv/versions/2.2.3/lib/ruby/gems/2.2.0/gems/mail-2.7.1/lib" />
      </CLASSES>
      <SOURCES>
        <root url="file://$USER_HOME$/.rbenv/versions/2.2.3/lib/ruby/gems/2.2.0/gems/mail-2.7.1/lib" />
      </SOURCES>
    </library>
    <library name="mini_mime (v1.0.2, rbenv: 2.2.3) [gem]" type="rubylib">
      <properties>
        <option name="version" value="4" />
      </properties>
      <CLASSES>
        <root url="file://$USER_HOME$/.rbenv/versions/2.2.3/lib/ruby/gems/2.2.0/gems/mini_mime-1.0.2/bin" />
        <root url="file://$USER_HOME$/.rbenv/versions/2.2.3/lib/ruby/gems/2.2.0/gems/mini_mime-1.0.2/lib" />
        <root url="file://$USER_HOME$/.rbenv/versions/2.2.3/lib/ruby/gems/2.2.0/gems/mini_mime-1.0.2/bench" />
      </CLASSES>
      <SOURCES>
        <root url="file://$USER_HOME$/.rbenv/versions/2.2.3/lib/ruby/gems/2.2.0/gems/mini_mime-1.0.2/bin" />
        <root url="file://$USER_HOME$/.rbenv/versions/2.2.3/lib/ruby/gems/2.2.0/gems/mini_mime-1.0.2/lib" />
        <root url="file://$USER_HOME$/.rbenv/versions/2.2.3/lib/ruby/gems/2.2.0/gems/mini_mime-1.0.2/bench" />
      </SOURCES>
      <excluded>
        <root url="file://$USER_HOME$/.rbenv/versions/2.2.3/lib/ruby/gems/2.2.0/gems/mini_mime-1.0.2/bin" />
        <root url="file://$USER_HOME$/.rbenv/versions/2.2.3/lib/ruby/gems/2.2.0/gems/mini_mime-1.0.2/bench" />
      </excluded>
    </library>
    <library name="mini_portile2 (v2.1.0, rbenv: 2.2.3) [gem]" type="rubylib">
      <properties>
        <option name="version" value="4" />
      </properties>
      <CLASSES>
        <root url="file://$USER_HOME$/.rbenv/versions/2.2.3/lib/ruby/gems/2.2.0/gems/mini_portile2-2.1.0/lib" />
        <root url="file://$USER_HOME$/.rbenv/versions/2.2.3/lib/ruby/gems/2.2.0/gems/mini_portile2-2.1.0/test" />
      </CLASSES>
      <SOURCES>
        <root url="file://$USER_HOME$/.rbenv/versions/2.2.3/lib/ruby/gems/2.2.0/gems/mini_portile2-2.1.0/lib" />
        <root url="file://$USER_HOME$/.rbenv/versions/2.2.3/lib/ruby/gems/2.2.0/gems/mini_portile2-2.1.0/test" />
      </SOURCES>
      <excluded>
        <root url="file://$USER_HOME$/.rbenv/versions/2.2.3/lib/ruby/gems/2.2.0/gems/mini_portile2-2.1.0/test" />
      </excluded>
    </library>
    <library name="mini_portile2 (v2.4.0, rbenv: 2.2.3) [gem]" type="rubylib">
      <properties>
        <option name="version" value="4" />
      </properties>
      <CLASSES>
        <root url="file://$USER_HOME$/.rbenv/versions/2.2.3/lib/ruby/gems/2.2.0/gems/mini_portile2-2.4.0/lib" />
        <root url="file://$USER_HOME$/.rbenv/versions/2.2.3/lib/ruby/gems/2.2.0/gems/mini_portile2-2.4.0/test" />
        <root url="file://$USER_HOME$/.rbenv/versions/2.2.3/lib/ruby/gems/2.2.0/gems/mini_portile2-2.4.0/concourse" />
      </CLASSES>
      <SOURCES>
        <root url="file://$USER_HOME$/.rbenv/versions/2.2.3/lib/ruby/gems/2.2.0/gems/mini_portile2-2.4.0/lib" />
        <root url="file://$USER_HOME$/.rbenv/versions/2.2.3/lib/ruby/gems/2.2.0/gems/mini_portile2-2.4.0/test" />
        <root url="file://$USER_HOME$/.rbenv/versions/2.2.3/lib/ruby/gems/2.2.0/gems/mini_portile2-2.4.0/concourse" />
      </SOURCES>
      <excluded>
        <root url="file://$USER_HOME$/.rbenv/versions/2.2.3/lib/ruby/gems/2.2.0/gems/mini_portile2-2.4.0/test" />
        <root url="file://$USER_HOME$/.rbenv/versions/2.2.3/lib/ruby/gems/2.2.0/gems/mini_portile2-2.4.0/concourse" />
      </excluded>
    </library>
    <library name="minitest (v5.4.3, rbenv: 2.2.3) [gem]" type="rubylib">
      <properties>
        <option name="version" value="4" />
      </properties>
      <CLASSES>
        <root url="file://$USER_HOME$/.rbenv/versions/2.2.3/lib/ruby/gems/2.2.0/gems/minitest-5.4.3/lib" />
        <root url="file://$USER_HOME$/.rbenv/versions/2.2.3/lib/ruby/gems/2.2.0/gems/minitest-5.4.3/test" />
      </CLASSES>
      <SOURCES>
        <root url="file://$USER_HOME$/.rbenv/versions/2.2.3/lib/ruby/gems/2.2.0/gems/minitest-5.4.3/lib" />
        <root url="file://$USER_HOME$/.rbenv/versions/2.2.3/lib/ruby/gems/2.2.0/gems/minitest-5.4.3/test" />
      </SOURCES>
      <excluded>
        <root url="file://$USER_HOME$/.rbenv/versions/2.2.3/lib/ruby/gems/2.2.0/gems/minitest-5.4.3/test" />
      </excluded>
    </library>
    <library name="nokogiri (v1.6.8, rbenv: 2.2.3) [gem]" type="rubylib">
      <properties>
        <option name="version" value="4" />
      </properties>
      <CLASSES>
        <root url="file://$USER_HOME$/.rbenv/versions/2.2.3/lib/ruby/gems/2.2.0/gems/nokogiri-1.6.8/bin" />
        <root url="file://$USER_HOME$/.rbenv/versions/2.2.3/lib/ruby/gems/2.2.0/gems/nokogiri-1.6.8/ext" />
        <root url="file://$USER_HOME$/.rbenv/versions/2.2.3/lib/ruby/gems/2.2.0/gems/nokogiri-1.6.8/lib" />
        <root url="file://$USER_HOME$/.rbenv/versions/2.2.3/lib/ruby/gems/2.2.0/gems/nokogiri-1.6.8/test" />
        <root url="file://$USER_HOME$/.rbenv/versions/2.2.3/lib/ruby/gems/2.2.0/gems/nokogiri-1.6.8/tasks" />
        <root url="file://$USER_HOME$/.rbenv/versions/2.2.3/lib/ruby/gems/2.2.0/gems/nokogiri-1.6.8/patches" />
        <root url="file://$USER_HOME$/.rbenv/versions/2.2.3/lib/ruby/gems/2.2.0/gems/nokogiri-1.6.8/suppressions" />
      </CLASSES>
      <SOURCES>
        <root url="file://$USER_HOME$/.rbenv/versions/2.2.3/lib/ruby/gems/2.2.0/gems/nokogiri-1.6.8/bin" />
        <root url="file://$USER_HOME$/.rbenv/versions/2.2.3/lib/ruby/gems/2.2.0/gems/nokogiri-1.6.8/ext" />
        <root url="file://$USER_HOME$/.rbenv/versions/2.2.3/lib/ruby/gems/2.2.0/gems/nokogiri-1.6.8/lib" />
        <root url="file://$USER_HOME$/.rbenv/versions/2.2.3/lib/ruby/gems/2.2.0/gems/nokogiri-1.6.8/test" />
        <root url="file://$USER_HOME$/.rbenv/versions/2.2.3/lib/ruby/gems/2.2.0/gems/nokogiri-1.6.8/tasks" />
        <root url="file://$USER_HOME$/.rbenv/versions/2.2.3/lib/ruby/gems/2.2.0/gems/nokogiri-1.6.8/patches" />
        <root url="file://$USER_HOME$/.rbenv/versions/2.2.3/lib/ruby/gems/2.2.0/gems/nokogiri-1.6.8/suppressions" />
      </SOURCES>
      <excluded>
        <root url="file://$USER_HOME$/.rbenv/versions/2.2.3/lib/ruby/gems/2.2.0/gems/nokogiri-1.6.8/bin" />
        <root url="file://$USER_HOME$/.rbenv/versions/2.2.3/lib/ruby/gems/2.2.0/gems/nokogiri-1.6.8/ext" />
        <root url="file://$USER_HOME$/.rbenv/versions/2.2.3/lib/ruby/gems/2.2.0/gems/nokogiri-1.6.8/test" />
        <root url="file://$USER_HOME$/.rbenv/versions/2.2.3/lib/ruby/gems/2.2.0/gems/nokogiri-1.6.8/tasks" />
        <root url="file://$USER_HOME$/.rbenv/versions/2.2.3/lib/ruby/gems/2.2.0/gems/nokogiri-1.6.8/patches" />
        <root url="file://$USER_HOME$/.rbenv/versions/2.2.3/lib/ruby/gems/2.2.0/gems/nokogiri-1.6.8/suppressions" />
      </excluded>
    </library>
    <library name="pkg-config (v1.1.9, rbenv: 2.2.3) [gem]" type="rubylib">
      <properties>
        <option name="version" value="4" />
      </properties>
      <CLASSES>
        <root url="file://$USER_HOME$/.rbenv/versions/2.2.3/lib/ruby/gems/2.2.0/gems/pkg-config-1.1.9/lib" />
        <root url="file://$USER_HOME$/.rbenv/versions/2.2.3/lib/ruby/gems/2.2.0/gems/pkg-config-1.1.9/test" />
      </CLASSES>
      <SOURCES>
        <root url="file://$USER_HOME$/.rbenv/versions/2.2.3/lib/ruby/gems/2.2.0/gems/pkg-config-1.1.9/lib" />
        <root url="file://$USER_HOME$/.rbenv/versions/2.2.3/lib/ruby/gems/2.2.0/gems/pkg-config-1.1.9/test" />
      </SOURCES>
      <excluded>
        <root url="file://$USER_HOME$/.rbenv/versions/2.2.3/lib/ruby/gems/2.2.0/gems/pkg-config-1.1.9/test" />
      </excluded>
    </library>
    <library name="power_assert (v0.2.2, rbenv: 2.2.3) [gem]" type="rubylib">
      <properties>
        <option name="version" value="4" />
      </properties>
      <CLASSES>
        <root url="file://$USER_HOME$/.rbenv/versions/2.2.3/lib/ruby/gems/2.2.0/gems/power_assert-0.2.2/lib" />
        <root url="file://$USER_HOME$/.rbenv/versions/2.2.3/lib/ruby/gems/2.2.0/gems/power_assert-0.2.2/test" />
      </CLASSES>
      <SOURCES>
        <root url="file://$USER_HOME$/.rbenv/versions/2.2.3/lib/ruby/gems/2.2.0/gems/power_assert-0.2.2/lib" />
        <root url="file://$USER_HOME$/.rbenv/versions/2.2.3/lib/ruby/gems/2.2.0/gems/power_assert-0.2.2/test" />
      </SOURCES>
      <excluded>
        <root url="file://$USER_HOME$/.rbenv/versions/2.2.3/lib/ruby/gems/2.2.0/gems/power_assert-0.2.2/test" />
      </excluded>
    </library>
    <library name="psych (v2.0.8, rbenv: 2.2.3) [gem]" type="rubylib">
      <properties>
        <option name="version" value="4" />
      </properties>
      <CLASSES>
        <root url="file://$USER_HOME$/.rbenv/versions/2.2.3/lib/ruby/2.2.0/psych/json" />
        <root url="file://$USER_HOME$/.rbenv/versions/2.2.3/lib/ruby/2.2.0/psych/nodes" />
        <root url="file://$USER_HOME$/.rbenv/versions/2.2.3/lib/ruby/2.2.0/psych/handlers" />
        <root url="file://$USER_HOME$/.rbenv/versions/2.2.3/lib/ruby/2.2.0/psych/visitors" />
      </CLASSES>
      <SOURCES>
        <root url="file://$USER_HOME$/.rbenv/versions/2.2.3/lib/ruby/2.2.0/psych/json" />
        <root url="file://$USER_HOME$/.rbenv/versions/2.2.3/lib/ruby/2.2.0/psych/nodes" />
        <root url="file://$USER_HOME$/.rbenv/versions/2.2.3/lib/ruby/2.2.0/psych/handlers" />
        <root url="file://$USER_HOME$/.rbenv/versions/2.2.3/lib/ruby/2.2.0/psych/visitors" />
      </SOURCES>
      <excluded>
        <root url="file://$USER_HOME$/.rbenv/versions/2.2.3/lib/ruby/2.2.0/psych/json" />
        <root url="file://$USER_HOME$/.rbenv/versions/2.2.3/lib/ruby/2.2.0/psych/nodes" />
        <root url="file://$USER_HOME$/.rbenv/versions/2.2.3/lib/ruby/2.2.0/psych/handlers" />
        <root url="file://$USER_HOME$/.rbenv/versions/2.2.3/lib/ruby/2.2.0/psych/visitors" />
      </excluded>
    </library>
    <library name="rack (v1.6.13, rbenv: 2.2.3) [gem]" type="rubylib">
      <properties>
        <option name="version" value="4" />
      </properties>
      <CLASSES>
        <root url="file://$USER_HOME$/.rbenv/versions/2.2.3/lib/ruby/gems/2.2.0/gems/rack-1.6.13/bin" />
        <root url="file://$USER_HOME$/.rbenv/versions/2.2.3/lib/ruby/gems/2.2.0/gems/rack-1.6.13/lib" />
        <root url="file://$USER_HOME$/.rbenv/versions/2.2.3/lib/ruby/gems/2.2.0/gems/rack-1.6.13/test" />
        <root url="file://$USER_HOME$/.rbenv/versions/2.2.3/lib/ruby/gems/2.2.0/gems/rack-1.6.13/contrib" />
        <root url="file://$USER_HOME$/.rbenv/versions/2.2.3/lib/ruby/gems/2.2.0/gems/rack-1.6.13/example" />
      </CLASSES>
      <SOURCES>
        <root url="file://$USER_HOME$/.rbenv/versions/2.2.3/lib/ruby/gems/2.2.0/gems/rack-1.6.13/bin" />
        <root url="file://$USER_HOME$/.rbenv/versions/2.2.3/lib/ruby/gems/2.2.0/gems/rack-1.6.13/lib" />
        <root url="file://$USER_HOME$/.rbenv/versions/2.2.3/lib/ruby/gems/2.2.0/gems/rack-1.6.13/test" />
        <root url="file://$USER_HOME$/.rbenv/versions/2.2.3/lib/ruby/gems/2.2.0/gems/rack-1.6.13/contrib" />
        <root url="file://$USER_HOME$/.rbenv/versions/2.2.3/lib/ruby/gems/2.2.0/gems/rack-1.6.13/example" />
      </SOURCES>
      <excluded>
        <root url="file://$USER_HOME$/.rbenv/versions/2.2.3/lib/ruby/gems/2.2.0/gems/rack-1.6.13/bin" />
        <root url="file://$USER_HOME$/.rbenv/versions/2.2.3/lib/ruby/gems/2.2.0/gems/rack-1.6.13/test" />
        <root url="file://$USER_HOME$/.rbenv/versions/2.2.3/lib/ruby/gems/2.2.0/gems/rack-1.6.13/contrib" />
        <root url="file://$USER_HOME$/.rbenv/versions/2.2.3/lib/ruby/gems/2.2.0/gems/rack-1.6.13/example" />
      </excluded>
    </library>
    <library name="rack-test (v0.6.3, rbenv: 2.2.3) [gem]" type="rubylib">
      <properties>
        <option name="version" value="4" />
      </properties>
      <CLASSES>
        <root url="file://$USER_HOME$/.rbenv/versions/2.2.3/lib/ruby/gems/2.2.0/gems/rack-test-0.6.3/lib" />
        <root url="file://$USER_HOME$/.rbenv/versions/2.2.3/lib/ruby/gems/2.2.0/gems/rack-test-0.6.3/spec" />
      </CLASSES>
      <SOURCES>
        <root url="file://$USER_HOME$/.rbenv/versions/2.2.3/lib/ruby/gems/2.2.0/gems/rack-test-0.6.3/lib" />
        <root url="file://$USER_HOME$/.rbenv/versions/2.2.3/lib/ruby/gems/2.2.0/gems/rack-test-0.6.3/spec" />
      </SOURCES>
      <excluded>
        <root url="file://$USER_HOME$/.rbenv/versions/2.2.3/lib/ruby/gems/2.2.0/gems/rack-test-0.6.3/spec" />
      </excluded>
    </library>
    <library name="rails-deprecated_sanitizer (v1.0.3, rbenv: 2.2.3) [gem]" type="rubylib">
      <properties>
        <option name="version" value="4" />
      </properties>
      <CLASSES>
        <root url="file://$USER_HOME$/.rbenv/versions/2.2.3/lib/ruby/gems/2.2.0/gems/rails-deprecated_sanitizer-1.0.3/lib" />
        <root url="file://$USER_HOME$/.rbenv/versions/2.2.3/lib/ruby/gems/2.2.0/gems/rails-deprecated_sanitizer-1.0.3/test" />
      </CLASSES>
      <SOURCES>
        <root url="file://$USER_HOME$/.rbenv/versions/2.2.3/lib/ruby/gems/2.2.0/gems/rails-deprecated_sanitizer-1.0.3/lib" />
        <root url="file://$USER_HOME$/.rbenv/versions/2.2.3/lib/ruby/gems/2.2.0/gems/rails-deprecated_sanitizer-1.0.3/test" />
      </SOURCES>
      <excluded>
        <root url="file://$USER_HOME$/.rbenv/versions/2.2.3/lib/ruby/gems/2.2.0/gems/rails-deprecated_sanitizer-1.0.3/test" />
      </excluded>
    </library>
    <library name="rails-dom-testing (v1.0.9, rbenv: 2.2.3) [gem]" type="rubylib">
      <properties>
        <option name="version" value="4" />
      </properties>
      <CLASSES>
        <root url="file://$USER_HOME$/.rbenv/versions/2.2.3/lib/ruby/gems/2.2.0/gems/rails-dom-testing-1.0.9/lib" />
        <root url="file://$USER_HOME$/.rbenv/versions/2.2.3/lib/ruby/gems/2.2.0/gems/rails-dom-testing-1.0.9/test" />
      </CLASSES>
      <SOURCES>
        <root url="file://$USER_HOME$/.rbenv/versions/2.2.3/lib/ruby/gems/2.2.0/gems/rails-dom-testing-1.0.9/lib" />
        <root url="file://$USER_HOME$/.rbenv/versions/2.2.3/lib/ruby/gems/2.2.0/gems/rails-dom-testing-1.0.9/test" />
      </SOURCES>
      <excluded>
        <root url="file://$USER_HOME$/.rbenv/versions/2.2.3/lib/ruby/gems/2.2.0/gems/rails-dom-testing-1.0.9/test" />
      </excluded>
    </library>
    <library name="rails-html-sanitizer (v1.3.0, rbenv: 2.2.3) [gem]" type="rubylib">
      <properties>
        <option name="version" value="4" />
      </properties>
      <CLASSES>
        <root url="file://$USER_HOME$/.rbenv/versions/2.2.3/lib/ruby/gems/2.2.0/gems/rails-html-sanitizer-1.3.0/lib" />
        <root url="file://$USER_HOME$/.rbenv/versions/2.2.3/lib/ruby/gems/2.2.0/gems/rails-html-sanitizer-1.3.0/test" />
      </CLASSES>
      <SOURCES>
        <root url="file://$USER_HOME$/.rbenv/versions/2.2.3/lib/ruby/gems/2.2.0/gems/rails-html-sanitizer-1.3.0/lib" />
        <root url="file://$USER_HOME$/.rbenv/versions/2.2.3/lib/ruby/gems/2.2.0/gems/rails-html-sanitizer-1.3.0/test" />
      </SOURCES>
      <excluded>
        <root url="file://$USER_HOME$/.rbenv/versions/2.2.3/lib/ruby/gems/2.2.0/gems/rails-html-sanitizer-1.3.0/test" />
      </excluded>
    </library>
    <library name="railties (v4.2.0, rbenv: 2.2.3) [gem]" type="rubylib">
      <properties>
        <option name="version" value="4" />
      </properties>
      <CLASSES>
        <root url="file://$USER_HOME$/.rbenv/versions/2.2.3/lib/ruby/gems/2.2.0/gems/railties-4.2.0/bin" />
        <root url="file://$USER_HOME$/.rbenv/versions/2.2.3/lib/ruby/gems/2.2.0/gems/railties-4.2.0/lib" />
      </CLASSES>
      <SOURCES>
        <root url="file://$USER_HOME$/.rbenv/versions/2.2.3/lib/ruby/gems/2.2.0/gems/railties-4.2.0/bin" />
        <root url="file://$USER_HOME$/.rbenv/versions/2.2.3/lib/ruby/gems/2.2.0/gems/railties-4.2.0/lib" />
      </SOURCES>
      <excluded>
        <root url="file://$USER_HOME$/.rbenv/versions/2.2.3/lib/ruby/gems/2.2.0/gems/railties-4.2.0/bin" />
      </excluded>
    </library>
    <library name="rake (v10.4.2, rbenv: 2.2.3) [gem]" type="rubylib">
      <properties>
        <option name="version" value="4" />
      </properties>
      <CLASSES>
        <root url="file://$USER_HOME$/.rbenv/versions/2.2.3/lib/ruby/2.2.0/rake/ext" />
        <root url="file://$USER_HOME$/.rbenv/versions/2.2.3/lib/ruby/2.2.0/rake/lib" />
        <root url="file://$USER_HOME$/.rbenv/versions/2.2.3/lib/ruby/2.2.0/rake/contrib" />
        <root url="file://$USER_HOME$/.rbenv/versions/2.2.3/lib/ruby/2.2.0/rake/loaders" />
      </CLASSES>
      <SOURCES>
        <root url="file://$USER_HOME$/.rbenv/versions/2.2.3/lib/ruby/2.2.0/rake/ext" />
        <root url="file://$USER_HOME$/.rbenv/versions/2.2.3/lib/ruby/2.2.0/rake/lib" />
        <root url="file://$USER_HOME$/.rbenv/versions/2.2.3/lib/ruby/2.2.0/rake/contrib" />
        <root url="file://$USER_HOME$/.rbenv/versions/2.2.3/lib/ruby/2.2.0/rake/loaders" />
      </SOURCES>
      <excluded>
        <root url="file://$USER_HOME$/.rbenv/versions/2.2.3/lib/ruby/2.2.0/rake/ext" />
        <root url="file://$USER_HOME$/.rbenv/versions/2.2.3/lib/ruby/2.2.0/rake/contrib" />
        <root url="file://$USER_HOME$/.rbenv/versions/2.2.3/lib/ruby/2.2.0/rake/loaders" />
      </excluded>
    </library>
    <library name="rdoc (v4.2.0, rbenv: 2.2.3) [gem]" type="rubylib">
      <properties>
        <option name="version" value="4" />
      </properties>
      <CLASSES>
        <root url="file://$USER_HOME$/.rbenv/versions/2.2.3/lib/ruby/2.2.0/rdoc/rd" />
        <root url="file://$USER_HOME$/.rbenv/versions/2.2.3/lib/ruby/2.2.0/rdoc/ri" />
        <root url="file://$USER_HOME$/.rbenv/versions/2.2.3/lib/ruby/2.2.0/rdoc/i18n" />
        <root url="file://$USER_HOME$/.rbenv/versions/2.2.3/lib/ruby/2.2.0/rdoc/stats" />
        <root url="file://$USER_HOME$/.rbenv/versions/2.2.3/lib/ruby/2.2.0/rdoc/markup" />
        <root url="file://$USER_HOME$/.rbenv/versions/2.2.3/lib/ruby/2.2.0/rdoc/parser" />
        <root url="file://$USER_HOME$/.rbenv/versions/2.2.3/lib/ruby/2.2.0/rdoc/context" />
        <root url="file://$USER_HOME$/.rbenv/versions/2.2.3/lib/ruby/2.2.0/rdoc/markdown" />
        <root url="file://$USER_HOME$/.rbenv/versions/2.2.3/lib/ruby/2.2.0/rdoc/generator" />
      </CLASSES>
      <SOURCES>
        <root url="file://$USER_HOME$/.rbenv/versions/2.2.3/lib/ruby/2.2.0/rdoc/rd" />
        <root url="file://$USER_HOME$/.rbenv/versions/2.2.3/lib/ruby/2.2.0/rdoc/ri" />
        <root url="file://$USER_HOME$/.rbenv/versions/2.2.3/lib/ruby/2.2.0/rdoc/i18n" />
        <root url="file://$USER_HOME$/.rbenv/versions/2.2.3/lib/ruby/2.2.0/rdoc/stats" />
        <root url="file://$USER_HOME$/.rbenv/versions/2.2.3/lib/ruby/2.2.0/rdoc/markup" />
        <root url="file://$USER_HOME$/.rbenv/versions/2.2.3/lib/ruby/2.2.0/rdoc/parser" />
        <root url="file://$USER_HOME$/.rbenv/versions/2.2.3/lib/ruby/2.2.0/rdoc/context" />
        <root url="file://$USER_HOME$/.rbenv/versions/2.2.3/lib/ruby/2.2.0/rdoc/markdown" />
        <root url="file://$USER_HOME$/.rbenv/versions/2.2.3/lib/ruby/2.2.0/rdoc/generator" />
      </SOURCES>
      <excluded>
        <root url="file://$USER_HOME$/.rbenv/versions/2.2.3/lib/ruby/2.2.0/rdoc/rd" />
        <root url="file://$USER_HOME$/.rbenv/versions/2.2.3/lib/ruby/2.2.0/rdoc/ri" />
        <root url="file://$USER_HOME$/.rbenv/versions/2.2.3/lib/ruby/2.2.0/rdoc/i18n" />
        <root url="file://$USER_HOME$/.rbenv/versions/2.2.3/lib/ruby/2.2.0/rdoc/stats" />
        <root url="file://$USER_HOME$/.rbenv/versions/2.2.3/lib/ruby/2.2.0/rdoc/markup" />
        <root url="file://$USER_HOME$/.rbenv/versions/2.2.3/lib/ruby/2.2.0/rdoc/parser" />
        <root url="file://$USER_HOME$/.rbenv/versions/2.2.3/lib/ruby/2.2.0/rdoc/context" />
        <root url="file://$USER_HOME$/.rbenv/versions/2.2.3/lib/ruby/2.2.0/rdoc/markdown" />
        <root url="file://$USER_HOME$/.rbenv/versions/2.2.3/lib/ruby/2.2.0/rdoc/generator" />
      </excluded>
    </library>
    <library name="test-unit (v3.0.8, rbenv: 2.2.3) [gem]" type="rubylib">
      <properties>
        <option name="version" value="4" />
      </properties>
      <CLASSES>
        <root url="file://$USER_HOME$/.rbenv/versions/2.2.3/lib/ruby/gems/2.2.0/gems/test-unit-3.0.8/doc" />
        <root url="file://$USER_HOME$/.rbenv/versions/2.2.3/lib/ruby/gems/2.2.0/gems/test-unit-3.0.8/lib" />
        <root url="file://$USER_HOME$/.rbenv/versions/2.2.3/lib/ruby/gems/2.2.0/gems/test-unit-3.0.8/test" />
        <root url="file://$USER_HOME$/.rbenv/versions/2.2.3/lib/ruby/gems/2.2.0/gems/test-unit-3.0.8/sample" />
      </CLASSES>
      <SOURCES>
        <root url="file://$USER_HOME$/.rbenv/versions/2.2.3/lib/ruby/gems/2.2.0/gems/test-unit-3.0.8/doc" />
        <root url="file://$USER_HOME$/.rbenv/versions/2.2.3/lib/ruby/gems/2.2.0/gems/test-unit-3.0.8/lib" />
        <root url="file://$USER_HOME$/.rbenv/versions/2.2.3/lib/ruby/gems/2.2.0/gems/test-unit-3.0.8/test" />
        <root url="file://$USER_HOME$/.rbenv/versions/2.2.3/lib/ruby/gems/2.2.0/gems/test-unit-3.0.8/sample" />
      </SOURCES>
      <excluded>
        <root url="file://$USER_HOME$/.rbenv/versions/2.2.3/lib/ruby/gems/2.2.0/gems/test-unit-3.0.8/doc" />
        <root url="file://$USER_HOME$/.rbenv/versions/2.2.3/lib/ruby/gems/2.2.0/gems/test-unit-3.0.8/test" />
        <root url="file://$USER_HOME$/.rbenv/versions/2.2.3/lib/ruby/gems/2.2.0/gems/test-unit-3.0.8/sample" />
      </excluded>
    </library>
    <library name="thor (v1.0.1, rbenv: 2.2.3) [gem]" type="rubylib">
      <properties>
        <option name="version" value="4" />
      </properties>
      <CLASSES>
        <root url="file://$USER_HOME$/.rbenv/versions/2.2.3/lib/ruby/gems/2.2.0/gems/thor-1.0.1/bin" />
        <root url="file://$USER_HOME$/.rbenv/versions/2.2.3/lib/ruby/gems/2.2.0/gems/thor-1.0.1/lib" />
      </CLASSES>
      <SOURCES>
        <root url="file://$USER_HOME$/.rbenv/versions/2.2.3/lib/ruby/gems/2.2.0/gems/thor-1.0.1/bin" />
        <root url="file://$USER_HOME$/.rbenv/versions/2.2.3/lib/ruby/gems/2.2.0/gems/thor-1.0.1/lib" />
      </SOURCES>
      <excluded>
        <root url="file://$USER_HOME$/.rbenv/versions/2.2.3/lib/ruby/gems/2.2.0/gems/thor-1.0.1/bin" />
      </excluded>
    </library>
    <library name="thread_safe (v0.3.6, rbenv: 2.2.3) [gem]" type="rubylib">
      <properties>
        <option name="version" value="4" />
      </properties>
      <CLASSES>
        <root url="file://$USER_HOME$/.rbenv/versions/2.2.3/lib/ruby/gems/2.2.0/gems/thread_safe-0.3.6/ext" />
        <root url="file://$USER_HOME$/.rbenv/versions/2.2.3/lib/ruby/gems/2.2.0/gems/thread_safe-0.3.6/lib" />
        <root url="file://$USER_HOME$/.rbenv/versions/2.2.3/lib/ruby/gems/2.2.0/gems/thread_safe-0.3.6/spec" />
        <root url="file://$USER_HOME$/.rbenv/versions/2.2.3/lib/ruby/gems/2.2.0/gems/thread_safe-0.3.6/tasks" />
        <root url="file://$USER_HOME$/.rbenv/versions/2.2.3/lib/ruby/gems/2.2.0/gems/thread_safe-0.3.6/examples" />
        <root url="file://$USER_HOME$/.rbenv/versions/2.2.3/lib/ruby/gems/2.2.0/gems/thread_safe-0.3.6/yard-template" />
      </CLASSES>
      <SOURCES>
        <root url="file://$USER_HOME$/.rbenv/versions/2.2.3/lib/ruby/gems/2.2.0/gems/thread_safe-0.3.6/ext" />
        <root url="file://$USER_HOME$/.rbenv/versions/2.2.3/lib/ruby/gems/2.2.0/gems/thread_safe-0.3.6/lib" />
        <root url="file://$USER_HOME$/.rbenv/versions/2.2.3/lib/ruby/gems/2.2.0/gems/thread_safe-0.3.6/spec" />
        <root url="file://$USER_HOME$/.rbenv/versions/2.2.3/lib/ruby/gems/2.2.0/gems/thread_safe-0.3.6/tasks" />
        <root url="file://$USER_HOME$/.rbenv/versions/2.2.3/lib/ruby/gems/2.2.0/gems/thread_safe-0.3.6/examples" />
        <root url="file://$USER_HOME$/.rbenv/versions/2.2.3/lib/ruby/gems/2.2.0/gems/thread_safe-0.3.6/yard-template" />
      </SOURCES>
      <excluded>
        <root url="file://$USER_HOME$/.rbenv/versions/2.2.3/lib/ruby/gems/2.2.0/gems/thread_safe-0.3.6/ext" />
        <root url="file://$USER_HOME$/.rbenv/versions/2.2.3/lib/ruby/gems/2.2.0/gems/thread_safe-0.3.6/spec" />
        <root url="file://$USER_HOME$/.rbenv/versions/2.2.3/lib/ruby/gems/2.2.0/gems/thread_safe-0.3.6/tasks" />
        <root url="file://$USER_HOME$/.rbenv/versions/2.2.3/lib/ruby/gems/2.2.0/gems/thread_safe-0.3.6/examples" />
        <root url="file://$USER_HOME$/.rbenv/versions/2.2.3/lib/ruby/gems/2.2.0/gems/thread_safe-0.3.6/yard-template" />
      </excluded>
    </library>
    <library name="tzinfo (v1.2.7, rbenv: 2.2.3) [gem]" type="rubylib">
      <properties>
        <option name="version" value="4" />
      </properties>
      <CLASSES>
        <root url="file://$USER_HOME$/.rbenv/versions/2.2.3/lib/ruby/gems/2.2.0/gems/tzinfo-1.2.7/lib" />
        <root url="file://$USER_HOME$/.rbenv/versions/2.2.3/lib/ruby/gems/2.2.0/gems/tzinfo-1.2.7/test" />
      </CLASSES>
      <SOURCES>
        <root url="file://$USER_HOME$/.rbenv/versions/2.2.3/lib/ruby/gems/2.2.0/gems/tzinfo-1.2.7/lib" />
        <root url="file://$USER_HOME$/.rbenv/versions/2.2.3/lib/ruby/gems/2.2.0/gems/tzinfo-1.2.7/test" />
      </SOURCES>
      <excluded>
        <root url="file://$USER_HOME$/.rbenv/versions/2.2.3/lib/ruby/gems/2.2.0/gems/tzinfo-1.2.7/test" />
      </excluded>
    </library>
  </component>
</application>