<application>
  <component name="ProjectJdkTable">
    <jdk version="2">
      <name value="rbenv: 2.2.3" />
      <type value="RUBY_SDK" />
      <version value="ver.2.2.3p173 ( revision 51636) p173" />
      <homePath value="$USER_HOME$/.rbenv/versions/2.2.3/bin/ruby" />
      <roots>
        <classPath>
          <root type="composite">
            <root url="file://$USER_HOME$/.rbenv/versions/2.2.3/lib/ruby/site_ruby/2.2.0" type="simple" />
            <root url="file://$USER_HOME$/.rbenv/versions/2.2.3/lib/ruby/site_ruby/2.2.0/x86_64-linux" type="simple" />
            <root url="file://$USER_HOME$/.rbenv/versions/2.2.3/lib/ruby/site_ruby" type="simple" />
            <root url="file://$USER_HOME$/.rbenv/versions/2.2.3/lib/ruby/vendor_ruby/2.2.0" type="simple" />
            <root url="file://$USER_HOME$/.rbenv/versions/2.2.3/lib/ruby/vendor_ruby/2.2.0/x86_64-linux" type="simple" />
            <root url="file://$USER_HOME$/.rbenv/versions/2.2.3/lib/ruby/vendor_ruby" type="simple" />
            <root url="file://$USER_HOME$/.rbenv/versions/2.2.3/lib/ruby/2.2.0" type="simple" />
            <root url="file://$USER_HOME$/.rbenv/versions/2.2.3/lib/ruby/2.2.0/x86_64-linux" type="simple" />
            <root url="file://$APPLICATION_HOME_DIR$/plugins/ruby/rubystubs/rubystubs22" type="simple" />
          </root>
        </classPath>
        <sourcePath>
          <root type="composite">
            <root url="file://$USER_HOME$/.rbenv/versions/2.2.3/lib/ruby/site_ruby/2.2.0" type="simple" />
            <root url="file://$USER_HOME$/.rbenv/versions/2.2.3/lib/ruby/site_ruby/2.2.0/x86_64-linux" type="simple" />
            <root url="file://$USER_HOME$/.rbenv/versions/2.2.3/lib/ruby/site_ruby" type="simple" />
            <root url="file://$USER_HOME$/.rbenv/versions/2.2.3/lib/ruby/vendor_ruby/2.2.0" type="simple" />
            <root url="file://$USER_HOME$/.rbenv/versions/2.2.3/lib/ruby/vendor_ruby/2.2.0/x86_64-linux" type="simple" />
            <root url="file://$USER_HOME$/.rbenv/versions/2.2.3/lib/ruby/vendor_ruby" type="simple" />
            <root url="file://$USER_HOME$/.rbenv/versions/2.2.3/lib/ruby/2.2.0" type="simple" />
            <root url="file://$USER_HOME$/.rbenv/versions/2.2.3/lib/ruby/2.2.0/x86_64-linux" type="simple" />
            <root url="file://$APPLICATION_HOME_DIR$/plugins/ruby/rubystubs/rubystubs22" type="simple" />
          </root>
        </sourcePath>
      </roots>
      <additional NORMALIZED_VERSION_STRING="ver.2.2.3p173 ( revision 51636) p173" version="1" GEMS_BIN_DIR_PATH="$USER_HOME$/.rbenv/versions/2.2.3/bin">
        <VERSION_MANAGER ID="rbenv">
          <option name="gemset-name" />
          <distribution-id>2.2.3</distribution-id>
          <version-manager-path>$USER_HOME$/.rbenv/libexec/rbenv</version-manager-path>
        </VERSION_MANAGER>
        <RbConfig>
          <item key="AR" value="ar" />
          <item key="AS" value="as" />
          <item key="ASMEXT" value="S" />
          <item key="BTESTRUBY" value="$(MINIRUBY)" />
          <item key="BUILTIN_TRANSSRCS" value=" newline.c" />
          <item key="CAPITARGET" value="nodoc" />
          <item key="CC" value="gcc" />
          <item key="CCDLFLAGS" value="-fPIC" />
          <item key="CC_VERSION" value="gcc -v" />
          <item key="CFLAGS" value=" -O3 -fno-fast-math -ggdb3 -Wall -Wextra -Wno-unused-parameter -Wno-parentheses -Wno-long-long -Wno-missing-field-initializers -Wunused-variable -Wpointer-arith -Wwrite-strings -Wdeclaration-after-statement -Wimplicit-function-declaration -Wdeprecated-declarations -Wno-packed-bitfield-compat" />
          <item key="CHDIR" value="cd -P" />
          <item key="COUTFLAG" value="-o " />
          <item key="CP" value="cp" />
          <item key="CPP" value="gcc -E" />
          <item key="CPPFLAGS" value="-I/home/abhishek/.rbenv/versions/2.2.3/include   " />
          <item key="CPPOUTFILE" value="-o conftest.i" />
          <item key="CROSS_COMPILING" value="no" />
          <item key="CXX" value="g++" />
          <item key="CXXFLAGS" value=" -O3 -fno-fast-math -ggdb3 -Wall -Wextra -Wno-unused-parameter -Wno-parentheses -Wno-long-long -Wno-missing-field-initializers -Wunused-variable -Wpointer-arith -Wwrite-strings -Wdeclaration-after-statement -Wimplicit-function-declaration -Wdeprecated-declarations -Wno-packed-bitfield-compat" />
          <item key="DLDLIBS" value=" -lc" />
          <item key="DLEXT" value="so" />
          <item key="DLNOBJ" value="dln.o" />
          <item key="DTRACE_EXT" value="dmyh" />
          <item key="ECHO_N" value="-n" />
          <item key="EGREP" value="/usr/bin/grep -E" />
          <item key="ENABLE_SHARED" value="no" />
          <item key="EXTOUT" value=".ext" />
          <item key="GCC" value="yes" />
          <item key="GNU_LD" value="yes" />
          <item key="GREP" value="/usr/bin/grep" />
          <item key="HAVE_BASERUBY" value="yes" />
          <item key="INSTALL" value="/usr/bin/install -c" />
          <item key="INSTALLDOC" value="all" />
          <item key="INSTALL_DATA" value="/usr/bin/install -c -m 644" />
          <item key="INSTALL_PROGRAM" value="/usr/bin/install -c" />
          <item key="INSTALL_SCRIPT" value="/usr/bin/install -c" />
          <item key="LD" value="ld" />
          <item key="LDFLAGS" value="-L. -L/home/abhishek/.rbenv/versions/2.2.3/lib  -fstack-protector -rdynamic -Wl,-export-dynamic" />
          <item key="LDSHARED" value="gcc -shared" />
          <item key="LDSHAREDXX" value="g++ -shared" />
          <item key="LIBEXT" value="a" />
          <item key="LIBPATHENV" value="LD_LIBRARY_PATH" />
          <item key="LIBPATHFLAG" value=" -L%1$-s" />
          <item key="LIBRUBY" value="libruby-static.a" />
          <item key="LIBRUBYARG" value="-Wl,-R/home/abhishek/.rbenv/versions/2.2.3/lib -L/home/abhishek/.rbenv/versions/2.2.3/lib -lruby-static" />
          <item key="LIBRUBYARG_SHARED" value="-Wl,-R/home/abhishek/.rbenv/versions/2.2.3/lib -L/home/abhishek/.rbenv/versions/2.2.3/lib " />
          <item key="LIBRUBYARG_STATIC" value="-Wl,-R/home/abhishek/.rbenv/versions/2.2.3/lib -L/home/abhishek/.rbenv/versions/2.2.3/lib -lruby-static" />
          <item key="LIBRUBY_A" value="libruby-static.a" />
          <item key="LIBRUBY_ALIASES" value="libruby.so" />
          <item key="LIBRUBY_RELATIVE" value="no" />
          <item key="LIBRUBY_SO" value="libruby.so.2.2.0" />
          <item key="LIBS" value="-lpthread -lgmp -ldl -lcrypt -lm " />
          <item key="LN_S" value="ln -s" />
          <item key="MAJOR" value="2" />
          <item key="MAKEDIRS" value="/usr/bin/mkdir -p" />
          <item key="MAKEFILES" value="Makefile GNUmakefile" />
          <item key="MANTYPE" value="doc" />
          <item key="MINOR" value="2" />
          <item key="MKDIR_P" value="/usr/bin/mkdir -p" />
          <item key="NM" value="nm" />
          <item key="NROFF" value="/usr/bin/nroff" />
          <item key="NULLCMD" value=":" />
          <item key="OBJCOPY" value=":" />
          <item key="OBJDUMP" value="objdump" />
          <item key="OBJEXT" value="o" />
          <item key="OUTFLAG" value="-o " />
          <item key="PACKAGE" value="ruby" />
          <item key="PATCHLEVEL" value="173" />
          <item key="PATH_SEPARATOR" value=":" />
          <item key="POSTLINK" value=":" />
          <item key="PREP" value="miniruby" />
          <item key="RANLIB" value="ranlib" />
          <item key="RDOCTARGET" value="rdoc" />
          <item key="RI_BASE_NAME" value="ri" />
          <item key="RM" value="rm -f" />
          <item key="RMALL" value="rm -fr" />
          <item key="RMDIR" value="rmdir --ignore-fail-on-non-empty" />
          <item key="RMDIRS" value="rmdir --ignore-fail-on-non-empty -p" />
          <item key="RPATHFLAG" value=" -Wl,-R%1$-s" />
          <item key="RUBYW_BASE_NAME" value="rubyw" />
          <item key="RUBY_BASE_NAME" value="ruby" />
          <item key="RUBY_EXEC_PREFIX" value="$USER_HOME$/.rbenv/versions/2.2.3" />
          <item key="RUBY_INSTALL_NAME" value="ruby" />
          <item key="RUBY_LIB_VERSION_STYLE" value="3&#9;/* full */" />
          <item key="RUBY_PROGRAM_VERSION" value="2.2.3" />
          <item key="RUBY_SO_NAME" value="ruby" />
          <item key="RUBY_VERSION_NAME" value="ruby-2.2.0" />
          <item key="RUNRUBY_COMMAND" value="$(MINIRUBY) $(srcdir)/tool/runruby.rb --extout=.ext $(RUNRUBYOPT)" />
          <item key="SHELL" value="/bin/sh" />
          <item key="SOLIBS" value="-lgmp " />
          <item key="STRIP" value="strip -S -x" />
          <item key="TEENY" value="0" />
          <item key="TEST_RUNNABLE" value="yes" />
          <item key="THREAD_MODEL" value="pthread" />
          <item key="USE_RUBYGEMS" value="YES" />
          <item key="WERRORFLAG" value="-Werror" />
          <item key="arch" value="x86_64-linux" />
          <item key="archdir" value="$USER_HOME$/.rbenv/versions/2.2.3/lib/ruby/2.2.0/x86_64-linux" />
          <item key="archincludedir" value="$USER_HOME$/.rbenv/versions/2.2.3/include/x86_64-linux" />
          <item key="archlibdir" value="$USER_HOME$/.rbenv/versions/2.2.3/lib/x86_64-linux" />
          <item key="bindir" value="$USER_HOME$/.rbenv/versions/2.2.3/bin" />
          <item key="build" value="x86_64-pc-linux-gnu" />
          <item key="build_cpu" value="x86_64" />
          <item key="build_os" value="linux-gnu" />
          <item key="build_vendor" value="pc" />
          <item key="cflags" value=" -O3 -fno-fast-math -ggdb3 -Wall -Wextra -Wno-unused-parameter -Wno-parentheses -Wno-long-long -Wno-missing-field-initializers -Wunused-variable -Wpointer-arith -Wwrite-strings -Wdeclaration-after-statement -Wimplicit-function-declaration -Wdeprecated-declarations -Wno-packed-bitfield-compat" />
          <item key="configure_args" value=" '--prefix=/home/abhishek/.rbenv/versions/2.2.3' '--with-openssl-dir=/usr/lib/openssl-1.0.1/usr' 'LDFLAGS=-L/home/abhishek/.rbenv/versions/2.2.3/lib ' 'CPPFLAGS=-I/home/abhishek/.rbenv/versions/2.2.3/include '" />
          <item key="cxxflags" value=" -O3 -fno-fast-math -ggdb3 -Wall -Wextra -Wno-unused-parameter -Wno-parentheses -Wno-long-long -Wno-missing-field-initializers -Wunused-variable -Wpointer-arith -Wwrite-strings -Wdeclaration-after-statement -Wimplicit-function-declaration -Wdeprecated-declarations -Wno-packed-bitfield-compat" />
          <item key="datadir" value="$USER_HOME$/.rbenv/versions/2.2.3/share" />
          <item key="datarootdir" value="$USER_HOME$/.rbenv/versions/2.2.3/share" />
          <item key="debugflags" value="-ggdb3" />
          <item key="docdir" value="$USER_HOME$/.rbenv/versions/2.2.3/share/doc/ruby" />
          <item key="dvidir" value="$USER_HOME$/.rbenv/versions/2.2.3/share/doc/ruby" />
          <item key="exec" value="exec" />
          <item key="exec_prefix" value="$USER_HOME$/.rbenv/versions/2.2.3" />
          <item key="host" value="x86_64-pc-linux-gnu" />
          <item key="host_cpu" value="x86_64" />
          <item key="host_os" value="linux-gnu" />
          <item key="host_vendor" value="pc" />
          <item key="htmldir" value="$USER_HOME$/.rbenv/versions/2.2.3/share/doc/ruby" />
          <item key="includedir" value="$USER_HOME$/.rbenv/versions/2.2.3/include" />
          <item key="infodir" value="$USER_HOME$/.rbenv/versions/2.2.3/share/info" />
          <item key="libdir" value="$USER_HOME$/.rbenv/versions/2.2.3/lib" />
          <item key="libdirname" value="libdir" />
          <item key="libexecdir" value="$USER_HOME$/.rbenv/versions/2.2.3/libexec" />
          <item key="localedir" value="$USER_HOME$/.rbenv/versions/2.2.3/share/locale" />
          <item key="localstatedir" value="$USER_HOME$/.rbenv/versions/2.2.3/var" />
          <item key="mandir" value="$USER_HOME$/.rbenv/versions/2.2.3/share/man" />
          <item key="oldincludedir" value="/usr/include" />
          <item key="optflags" value="-O3 -fno-fast-math" />
          <item key="pdfdir" value="$USER_HOME$/.rbenv/versions/2.2.3/share/doc/ruby" />
          <item key="prefix" value="$USER_HOME$/.rbenv/versions/2.2.3" />
          <item key="psdir" value="$USER_HOME$/.rbenv/versions/2.2.3/share/doc/ruby" />
          <item key="ridir" value="$USER_HOME$/.rbenv/versions/2.2.3/share/ri" />
          <item key="ruby_install_name" value="ruby" />
          <item key="ruby_pc" value="ruby-2.2.pc" />
          <item key="ruby_version" value="2.2.0" />
          <item key="rubyarchdir" value="$USER_HOME$/.rbenv/versions/2.2.3/lib/ruby/2.2.0/x86_64-linux" />
          <item key="rubyarchhdrdir" value="$USER_HOME$/.rbenv/versions/2.2.3/include/ruby-2.2.0/x86_64-linux" />
          <item key="rubyarchprefix" value="$USER_HOME$/.rbenv/versions/2.2.3/lib/ruby/x86_64-linux" />
          <item key="rubyhdrdir" value="$USER_HOME$/.rbenv/versions/2.2.3/include/ruby-2.2.0" />
          <item key="rubylibdir" value="$USER_HOME$/.rbenv/versions/2.2.3/lib/ruby/2.2.0" />
          <item key="rubylibprefix" value="$USER_HOME$/.rbenv/versions/2.2.3/lib/ruby" />
          <item key="rubysitearchprefix" value="$USER_HOME$/.rbenv/versions/2.2.3/lib/ruby/x86_64-linux" />
          <item key="sbindir" value="$USER_HOME$/.rbenv/versions/2.2.3/sbin" />
          <item key="setup" value="Setup" />
          <item key="sharedstatedir" value="$USER_HOME$/.rbenv/versions/2.2.3/com" />
          <item key="sitearch" value="x86_64-linux" />
          <item key="sitearchdir" value="$USER_HOME$/.rbenv/versions/2.2.3/lib/ruby/site_ruby/2.2.0/x86_64-linux" />
          <item key="sitearchhdrdir" value="$USER_HOME$/.rbenv/versions/2.2.3/include/ruby-2.2.0/site_ruby/x86_64-linux" />
          <item key="sitearchincludedir" value="$USER_HOME$/.rbenv/versions/2.2.3/include/x86_64-linux" />
          <item key="sitearchlibdir" value="$USER_HOME$/.rbenv/versions/2.2.3/lib/x86_64-linux" />
          <item key="sitedir" value="$USER_HOME$/.rbenv/versions/2.2.3/lib/ruby/site_ruby" />
          <item key="sitehdrdir" value="$USER_HOME$/.rbenv/versions/2.2.3/include/ruby-2.2.0/site_ruby" />
          <item key="sitelibdir" value="$USER_HOME$/.rbenv/versions/2.2.3/lib/ruby/site_ruby/2.2.0" />
          <item key="strict_warnflags" value="-std=iso9899:1999" />
          <item key="sysconfdir" value="$USER_HOME$/.rbenv/versions/2.2.3/etc" />
          <item key="target" value="x86_64-pc-linux-gnu" />
          <item key="target_cpu" value="x86_64" />
          <item key="target_os" value="linux" />
          <item key="target_vendor" value="pc" />
          <item key="topdir" value="$USER_HOME$/.rbenv/versions/2.2.3/lib/ruby/2.2.0/x86_64-linux" />
          <item key="vendorarchdir" value="$USER_HOME$/.rbenv/versions/2.2.3/lib/ruby/vendor_ruby/2.2.0/x86_64-linux" />
          <item key="vendorarchhdrdir" value="$USER_HOME$/.rbenv/versions/2.2.3/include/ruby-2.2.0/vendor_ruby/x86_64-linux" />
          <item key="vendordir" value="$USER_HOME$/.rbenv/versions/2.2.3/lib/ruby/vendor_ruby" />
          <item key="vendorhdrdir" value="$USER_HOME$/.rbenv/versions/2.2.3/include/ruby-2.2.0/vendor_ruby" />
          <item key="vendorlibdir" value="$USER_HOME$/.rbenv/versions/2.2.3/lib/ruby/vendor_ruby/2.2.0" />
          <item key="warnflags" value="-Wall -Wextra -Wno-unused-parameter -Wno-parentheses -Wno-long-long -Wno-missing-field-initializers -Wunused-variable -Wpointer-arith -Wwrite-strings -Wdeclaration-after-statement -Wimplicit-function-declaration -Wdeprecated-declarations -Wno-packed-bitfield-compat" />
        </RbConfig>
      </additional>
    </jdk>
  </component>
</application>